location_id,formattedAddress,city,state,zipCode,county,subdivision,longitude,latitude
1,"38 Brown St, Apt 4, Marlborough, MA 01752",Marlborough,MA,1752,Middlesex,Not available,-71.542655,42.3482
2,"5691 Ne 116th Ave, Bronson, FL 32621",Bronson,FL,32621,Levy County,Not available,-82.578591,29.416055
3,"3021 Kingsbridge Ter, Bronx, NY 10463",Bronx,NY,10463,Bronx,NEW YORK CITY,-73.902082,40.8762
4,"55 Maple Ln, Monroe, NY 10950",Monroe,NY,10950,Orange,Not available,-74.233948,41.312189
5,"82338 San Jacinto Ave, Indio, CA 92201",Indio,CA,92201,Riverside,SUN GOLD,-116.228606,33.723003
6,"508 W Tom Green St, Brenham, TX 77833",Brenham,TX,77833,Washington,"STEGANT, LEON",-96.401181,30.155833
7,"14524 Se 91st Ct, Summerfield, FL 34491",Summerfield,FL,34491,Marion,LITTLE LAKE WEIR,-82.002049,29.010706
8,"10705 Fuller Ave, Kansas City, MO 64134",Kansas City,MO,64134,Jackson,STRATFORD ESTATES,-94.514048,38.930363
9,"2850 Uptown Way S, Fargo, ND 58104",Fargo,ND,58104,Cass,Not available,-96.880882,46.838085
10,"6701 Woodland Creek Dr, Plano, TX 75024",Plano,TX,75024,Denton,SHOAL CREEK PH V,-96.848533,33.067559
11,"531 N Davis Ave, Oklahoma City, OK 73127",Oklahoma City,OK,73127,Oklahoma,WESTWOOD HEIGHTS,-97.659208,35.473865
12,"3615 N Wolf Creek Dr, Unit 201, Eden, UT 84310",Eden,UT,84310,Weber,Not available,-111.829725,41.325894
13,"409 Zeppelin Way, Fort Collins, CO 80524",Fort Collins,CO,80524,Larimer,EAST RIDGE 2ND FILING,-105.027223,40.591462
14,"69 Village View Rd, Westford, MA 01886",Westford,MA,1886,Middlesex,VILLAGE VIEW ESTATES,-71.493326,42.584315
15,"13.84 Acres On Estes Ln, Omaha, AR 72662",Omaha,AR,72662,Boone,Not available,-93.215262,36.384507
16,"514 N Campbell St, Pleasant Hill, MO 64080",Pleasant Hill,MO,64080,Cass,Not available,-94.270062,38.791659
17,"34324 Countryside Dr, Wesley Chapel, FL 33543",Wesley Chapel,FL,33543,Pasco,TIMBER LAKE ESTATES CONDO PH I,-82.248545,28.203812
18,"7141 N Tuxedo St, Indianapolis, IN 46240",Indianapolis,IN,46240,Marion,GLENDALE HEIGHTS 2ND SEC,-86.108774,39.884534
19,"7420 W Cypress St, Phoenix, AZ 85035",Phoenix,AZ,85035,Maricopa,MARYVALE TERRACE 47,-112.219711,33.472409
20,"189 West St, Biddeford, ME 04005",Biddeford,ME,4005,York,Not available,-70.440966,43.465362
21,"7410 Knollwood Rd, Little Rock, AR 72209",Little Rock,AR,72209,Pulaski,FAIRFIELD SUB,-92.360875,34.664903
22,"416 Shenandoah Dr, Burleson, TX 76028",Burleson,TX,76028,Johnson,SIERRA ESTATES,-97.347992,32.55167
23,"4000 Woodland Rd, Circle Pines, MN 55014",Circle Pines,MN,55014,Anoka,Not available,-93.168832,45.138703
24,"2606 Naylor Ave, Allison Park, PA 15101",Allison Park,PA,15101,Allegheny,Not available,-79.959982,40.557933
25,"1122 Paula Dr, Newbern, TN 38059",Newbern,TN,38059,Dyer,PATRICIA NO 1,-89.302777,36.09541
26,"45 Lincoln Ave, Norwalk, CT 06854",Norwalk,CT,6854,Fairfield,Not available,-73.414457,41.088826
27,"4836 E Roosevelt Blvd, Philadelphia, PA 19124",Philadelphia,PA,19124,Philadelphia,Not available,-75.095487,40.02684
28,"7900 Newell Creek Dr, Mentor, OH 44060",Mentor,OH,44060,Lake County,NEWELL CREEK SUB,-81.345458,41.655922
29,"685 Reese St, Macon, GA 31217",Macon,GA,31217,Bibb,SHURLING CROSS KEYS,-83.603988,32.849311
30,"715 S Glenn Alan Ave, West Covina, CA 91791",West Covina,CA,91791,Los Angeles,21267,-117.904149,34.062263
31,"18441 Buffalo St, Detroit, MI 48234",Detroit,MI,48234,Wayne,DETROIT HOMES SUB,-83.048154,42.428632
32,"2486 Highland Golf Crs Dr SE, Conyers, GA 30013",Conyers,GA,30013,Rockdale,FIELDSTONE,-83.965812,33.623867
33,"11444 Vance Jackson Rd, Apt 1501, San Antonio, TX 78230",San Antonio,TX,78230,Bexar,Not available,-98.561825,29.548016
34,"10479 Bonny Dr, Cupertino, CA 95014",Cupertino,CA,95014,Santa Clara,PARADISE WEST ADDITION,-122.038682,37.315996
35,"6019 Windbluff Dr, San Antonio, TX 78239",San Antonio,TX,78239,Bexar County,Not available,-98.370102,29.52234
36,"4067 Hammock Trce, Atlanta, GA 30349",Atlanta,GA,30349,Fulton,TWIN CRK XING,-84.60016,33.645182
37,"1626 Ragtime Dr, Cheyenne, WY 82007",Cheyenne,WY,82007,Laramie,HARMONY HILL,-104.827452,41.104731
38,"105 Sycamore St, Lockwood, MO 65682",Lockwood,MO,65682,Dade,Not available,-93.956262,37.393005
39,"2700 Pine Tree Rd NE, Unit 1207, Atlanta, GA 30324",Atlanta,GA,30324,Fulton,CARRINGTON PARK,-84.358232,33.827995
40,"970 Jefferson St SE, Apt 2, Hutchinson, MN 55350",Hutchinson,MN,55350,McLeod,Not available,-94.364328,44.879928
41,"207 Hamilton Pl, Hackensack, NJ 07601",Hackensack,NJ,7601,Bergen,Not available,-74.046834,40.894531
42,"301 S Main St, Apt 303, Blacksburg, VA 24060",Blacksburg,VA,24060,Montgomery,BROWNSTONE CONDOS,-80.41208,37.227907
43,"720 6th Pl, Idalou, TX 79329",Idalou,TX,79329,Lubbock,IDALOU GARDENS,-101.689877,33.661858
44,"PO Box 40753, Fort Worth, TX 76140",Fort Worth,TX,76140,Tarrant,Not available,-97.271236,32.619267
45,"11219 Five Iron, San Antonio, TX 78221",San Antonio,TX,78221,Bexar,NCB 11166 (MISSION DEL LAGO UT-8 TIF),-98.487749,29.306503
46,"115 W 7th St, Mount Carmel, IL 62863",Mount Carmel,IL,62863,Wabash,Not available,-87.763689,38.412774
47,"5230 Thunder Creek Rd, Apt 268, Austin, TX 78759",Austin,TX,78759,Travis,Not available,-97.744284,30.416197
48,"5300 Gaston Ave, Apt 110, Dallas, TX 75214",Dallas,TX,75214,Dallas,Not available,-96.765145,32.803134
49,"1001 E Princeton Dr, Unit 80, Princeton, TX 75407",Princeton,TX,75407,Collin,Not available,-96.488489,33.173226
50,"336 N Newstead Ave, Saint Louis, MO 63108",Saint Louis,MO,63108,Saint Louis City,CENTRAL WEST END,-90.253125,38.644143
51,"3462 W 90th St, Cleveland, OH 44102",Cleveland,OH,44102,Cuyahoga,REGALPK,-81.746076,41.459403
52,"2309 N Mountain View Dr, Ste 130, Boise, ID 83706",Boise,ID,83706,Ada,Not available,-116.249251,43.624931
53,"610 Vinings Pkwy SE, Smyrna, GA 30080",Smyrna,GA,30080,Cobb,Not available,-84.493884,33.870404
54,"4839 Osage Ave, Philadelphia, PA 19143",Philadelphia,PA,19143,Philadelphia,Not available,-75.219752,39.952163
55,"114 Dyer St, Niceville, FL 32578",Niceville,FL,32578,Okaloosa,LEOTA MILLER,-86.476211,30.513299
56,"1336 Kansas St, Fairfield, CA 94533",Fairfield,CA,94533,Solano,BRANDEN ESTATES,-122.051312,38.257337
57,"5056 48th St, Woodside, NY 11377",Woodside,NY,11377,Queens,Not available,-73.918608,40.735689
58,"612 Spruce St, Farmington, MN 55024",Farmington,MN,55024,Dakota,BETZOLDS GEORGE F ADD,-93.139182,44.637571
59,"150 Park Pl, Irvington, NJ 07111",Irvington,NJ,7111,Essex,Not available,-74.238522,40.720837
60,"108 S Church St, Spring City, PA 19475",Spring City,PA,19475,Chester,Not available,-75.547398,40.175176
61,"46 Summit Dr, Smithtown, NY 11787",Smithtown,NY,11787,Suffolk,Not available,-73.163985,40.844932
62,"1212 Taulbee Ln, Austin, TX 78757",Austin,TX,78757,Travis,PROPHET PLACE,-97.719815,30.347907
63,"5320 Stone Meadow Ln, Fort Worth, TX 76179",Fort Worth,TX,76179,Tarrant,MARINE CREEK HILLS ADDITION,-97.40236,32.855014
64,"21201 W Hubbell St, Buckeye, AZ 85396",Buckeye,AZ,85396,Maricopa,Not available,-112.5152519,33.4693582
65,"535 Detweiler Rd, Temple, GA 30179",Temple,GA,30179,Carroll,RADFORD ROGER L SURV,-85.004811,33.779503
66,"5509 Rush Springs Ct, Raleigh, NC 27617",Raleigh,NC,27617,Wake,WYNGATE SUB,-78.735788,35.90591
67,"7546 S Hinds Willow Way, Tucson, AZ 85747",Tucson,AZ,85747,Pima,DESERT WILLOWS ESTATES,-110.769056,32.114761
68,"133 Mistletoe St, Lake Jackson, TX 77566",Lake Jackson,TX,77566,Brazoria,JACKSON,-95.452683,29.049341
69,"6301 S Hannby Trl, Sioux Falls, SD 57106",Sioux Falls,SD,57106,Lincoln,ADD,-96.81211,43.487831
70,"718 Pajabon Dr, Palmyra, PA 17078",Palmyra,PA,17078,Lebanon,Not available,-76.600879,40.297362
71,"1355 Golden Gate Ave, Apt 2G, San Francisco, CA 94115",San Francisco,CA,94115,San Francisco,Not available,-122.432875,37.779436
72,"111 Oak Dr, Apt A, Lake Jackson, TX 77566",Lake Jackson,TX,77566,Brazoria,Not available,-95.446332,29.045497
73,"4873 Beamon Rd, Norfolk, VA 23513",Norfolk,VA,23513,Norfolk City,ELMHURST,-76.229754,36.879734
74,"3002 Warren Way, Apt F, Carmel, IN 46033",Carmel,IN,46033,Hamilton,Not available,-86.113263,39.956174
75,"519 Shady Pine Way, Apt A1, Greenacres, FL 33415",Greenacres,FL,33415,Palm Beach,PINE RIDGE NORTH I COND,-80.143481,26.6399
76,"Kokanee Way, Unit 24, Oakridge, OR 97463",Oakridge,OR,97463,Lane,Not available,-122.444453,43.734554
77,"1809 Hillcrest Dr, Apt 501, Rockport, TX 78382",Rockport,TX,78382,Aransas,PORT OCALL CONDO,-97.036692,28.045676
78,"14155 Dallas Pkwy, Unit A1, Dallas, TX 75254",Dallas,TX,75254,Dallas,Not available,-96.823296,32.937267
79,"137 Kersey Ter, Goose Creek, SC 29445",Goose Creek,SC,29445,Berkeley,CROWFIELD (CHERRY HILL),-80.054658,33.012766
80,"360 Forest St, Kearny, NJ 07032",Kearny,NJ,7032,Hudson,Not available,-74.143023,40.765631
81,"8078 Duomo Cir, Boynton Beach, FL 33472",Boynton Beach,FL,33472,Palm Beach,MELROSE PUD POD F,-80.17575,26.554508
82,"1194 S Evergreen Dr, Phoenixville, PA 19460",Phoenixville,PA,19460,Chester,EVERGREEN ACRES,-75.54849,40.122231
83,"16210 Northlawn St, Detroit, MI 48221",Detroit,MI,48221,Wayne,INTYRE PARK SUB,-83.152915,42.411414
84,"9115 Woodland Way N, Owings, MD 20736",Owings,MD,20736,Calvert,AMBER WOODE 7,-76.58351,38.709069
85,"12580 Oak Knoll Rd, Apt F10, Poway, CA 92064",Poway,CA,92064,San Diego,Not available,-117.057581,32.950538
86,"239 15th Ave, East Moline, IL 61244",East Moline,IL,61244,Rock Island,EAST MOLINE,-90.456013,41.515287
87,"4518 Manzanillo Dr, Austin, TX 78749",Austin,TX,78749,Travis,MAPLE RUN SEC 7-B,-97.850052,30.210566
88,"4001 N Abbey Rd, Apt 3, Coeur D Alene, ID 83815",Coeur D Alene,ID,83815,Kootenai,Not available,-116.83335,47.715997
89,"4829 Blue Major Dr, Windermere, FL 34786",Windermere,FL,34786,Orange,SUMMERPORT PH 5,-81.59285,28.495441
90,"104 N Cumberland Ave, Russellville, AR 72801",Russellville,AR,72801,Pope,HALL,-93.158172,35.286159
91,"6907 Sessions Dr, San Jose, CA 95119",San Jose,CA,95119,Santa Clara,6469,-121.77199,37.236237
92,"2300 C St, Bellingham, WA 98225",Bellingham,WA,98225,Whatcom,SUPPLEMENTAL MAP OF WHATCOM,-122.476806,48.759197
93,"3809 Pendleton Ct, Irving, TX 75062",Irving,TX,75062,Dallas,NORTHWEST PARK 5TH,-97.001113,32.851937
94,"2638 Auralie Dr, Escondido, CA 92025",Escondido,CA,92025,San Diego,PARKVIEW ESTATES,-117.061952,33.088001
95,"232 Macbride Hall, Iowa City, IA 52242",Iowa City,IA,52242,Johnson,Not available,-91.569026,41.659577
96,"6931 La Palma Ave, Buena Park, CA 90620",Buena Park,CA,90620,Orange,Not available,-118.013049,33.846512
97,"2736 Mid Ln, Houston, TX 77027",Houston,TX,77027,Harris,WEST LANE PLACE,-95.450956,29.739737
98,"6673 Lacasse Cir, Hugo, MN 55038",Hugo,MN,55038,Anoka,CLEARWATER CREEK,-93.028933,45.148398
99,"121 Ixora Ave, Mount Dora, FL 32757",Mount Dora,FL,32757,Lake,Not available,-81.685666,28.806595
100,"1229 11th St, Augusta, GA 30901",Augusta,GA,30901,Richmond,LANEY-WALKER,-81.977778,33.46396
101,"3843 Springs Ranch Dr, Colorado Springs, CO 80922",Colorado Springs,CO,80922,El Paso,NORTH RANGE AT SPRINGS RANCH FIL NO 01,-104.695282,38.888
102,"402 7th Ave, Three Rivers, MI 49093",Three Rivers,MI,49093,Saint Joseph,BROOKLYN HEIGHTS,-85.622532,41.948527
103,"9283 Denmarsh Dr, Brooksville, FL 34613",Brooksville,FL,34613,Hernando,BROOKRIDGE COMM UNIT 4,-82.488204,28.561653
104,"1538 E Evans Ave, Pueblo, CO 81004",Pueblo,CO,81004,Pueblo,Not available,-104.614833,38.239338
105,"2909 Harlanwood Dr, Fort Worth, TX 76109",Fort Worth,TX,76109,Tarrant,MOCKINGBIRD LANE ADDITION,-97.373908,32.709236
106,"9804 Clanford Rd, Randallstown, MD 21133",Randallstown,MD,21133,Baltimore,KINGS POINT,-76.826632,39.371902
107,"1230 Buhrer Ave, Cleveland, OH 44109",Cleveland,OH,44109,Cuyahoga,Not available,-81.689234,41.468008
108,"1923 Ranwill Ct, Orlando, FL 32806",Orlando,FL,32806,Orange,CLOVERDALE MANOR,-81.352257,28.519762
109,"6606 Buckingham Pl, Cincinnati, OH 45227",Cincinnati,OH,45227,Hamilton,Not available,-84.383042,39.156065
110,"1049 Catfish Creek Ct, Oviedo, FL 32765",Oviedo,FL,32765,Seminole,TWIN RIVERS SEC 4,-81.182078,28.634562
111,"20517 Claremont Ave, Riverside, CA 92507",Riverside,CA,92507,Riverside,Not available,-117.30553,33.952652
112,"1327 Juliana Pl, Alexandria, VA 22304",Alexandria,VA,22304,Alexandria City,VARSITY PARK SEC 05,-77.10893,38.823103
113,"1687 Commonwealth Ave, Apt 8, Boston, MA 02135",Boston,MA,2135,Suffolk,Not available,-71.146393,42.341991
114,"10735 Campbell Ave, Riverside, CA 92505",Riverside,CA,92505,Riverside,Not available,-117.489356,33.935084
115,"12929 Yorkshire Fog Ln, Farragut, TN 37934",Farragut,TN,37934,Knox,Not available,-84.189201,35.843375
116,"2743 Pine Meadows Cir, Chester, VA 23831",Chester,VA,23831,Chesterfield,CRADDOCK POINT,-77.413257,37.344205
117,"4408 Arcady Ave, Dallas, TX 75205",Dallas,TX,75205,Dallas,HIGHLAND PARK,-96.810484,32.828254
118,"534 Shady Crest Cir, Colorado Springs, CO 80916",Colorado Springs,CO,80916,El Paso,CRESTLINE VILLAGE TOWNHOMES FIL NO 4,-104.746455,38.825069
119,"1276 Ne Shane Ln, Bend, OR 97701",Bend,OR,97701,Deschutes,SCOTTS LANDING,-121.287429,44.077972
120,"3300 N Loop, 336 W Apt 1213, Conroe, TX 77304",Conroe,TX,77304,Montgomery,Not available,-95.496628,30.325839
121,"2301 Collins Ave, Apt 325, Miami Beach, FL 33139",Miami Beach,FL,33139,Miami-Dade,RONEY PALACE CONDO,-80.127194,25.798783
122,"8720 Maple Ave, Gary, IN 46403",Gary,IN,46403,Lake,YOUNGS WOODLAND SUB,-87.232729,41.619305
123,"150 Stephanie Ln, Baxter, TN 38544",Baxter,TN,38544,Putnam,Not available,-85.620878,36.174163
124,"733 Cliffview Dr, Trlr 147, Dallas, TX 75217",Dallas,TX,75217,Dallas,RIDGECREST MHP,-96.672617,32.704922
125,"1205 Nw Trenton Pl, Blue Springs, MO 64015",Blue Springs,MO,64015,Jackson,KINGSRIDGE WEST 3RD PLAT,-94.325263,39.031012
126,"39 S Harrison Ave, Iselin, NJ 08830",Iselin,NJ,8830,Middlesex,ISELIN HILL,-74.306368,40.575735
127,"918 Hill St, Whitinsville, MA 01588",Whitinsville,MA,1588,Worcester,Not available,-71.671212,42.134289
128,"1109 18th St N, Columbus, MS 39701",Columbus,MS,39701,Lowndes,THREE OAKS ADDN,-88.413336,33.507514
129,"111 Foxdell Cir, Jacksonville, AR 72076",Jacksonville,AR,72076,Pulaski,FOXWOOD J 1,-92.088926,34.895456
130,"1205 Dogwood Rd, Jeffersonville, IN 47130",Jeffersonville,IN,47130,Clark,OAK PARK 9TH ADD,-85.693131,38.308937
131,"1575 N Lafayette St, Apt 16, Denver, CO 80218",Denver,CO,80218,Denver,Not available,-104.970931,39.741368
132,"9733 N 105th Dr, Sun City, AZ 85351",Sun City,AZ,85351,Maricopa,SUN CITY UNIT 6J,-112.287492,33.571813
133,"3752 N Central Park Ave, Chicago, IL 60618",Chicago,IL,60618,Cook,MASONS SUB,-87.718056,41.949884
134,"5072 Alpha Dr, The Colony, TX 75056",The Colony,TX,75056,Denton,COLONY NO 2,-96.881752,33.078604
135,"21 Dillon St, Apt 1313, Worcester, MA 01604",Worcester,MA,1604,Worcester,Not available,-71.787812,42.245268
136,"50 Billings Ave, Beaumont, CA 92223",Beaumont,CA,92223,Riverside,Not available,-116.953677,33.920311
137,"PO Box 64, Avondale, AZ 85323",Avondale,AZ,85323,Maricopa,Not available,-112.327944,33.420772
138,"404 S Fryers Creek Cir, Apt 1320, Temple, TX 76504",Temple,TX,76504,Bell,Not available,-97.355958,31.07319
139,"407 Martin Rd, Brandon, MS 39042",Brandon,MS,39042,Rankin,Not available,-89.971413,32.27566
140,"3668 S Court St, Montgomery, AL 36105",Montgomery,AL,36105,Montgomery,HAARDT EST PART C SECTION 1,-86.308452,32.3414
141,"327 N 15th St, Manhattan, KS 66502",Manhattan,KS,66502,Riley,CARNAHAN ADD,-96.579842,39.182667
142,"3522 Hinshaw Country Rd, Liberty, NC 27298",Liberty,NC,27298,Randolph,Not available,-79.557458,35.837842
143,"43470 Highway, 27, Davenport, FL 33837",Davenport,FL,33837,Polk,Not available,-81.6476,28.227171
144,"2042 Liberty Ln, Zion, IL 60099",Zion,IL,60099,Lake,Not available,-87.872797,42.458609
145,"1117 Timber Climb Dr, Avon, IN 46123",Avon,IN,46123,Hendricks,OAK BEND ESTATES,-86.412656,39.778888
146,"33774 Hastings St NE, Cambridge, MN 55008",Cambridge,MN,55008,Isanti,Not available,-93.221602,45.581091
147,"2131 Nw 15th St, Oklahoma City, OK 73107",Oklahoma City,OK,73107,Oklahoma,YOUNGS ENGLEWOOD ADD,-97.549226,35.48521
148,"597 Mosaic Blvd, Daytona Beach, FL 32124",Daytona Beach,FL,32124,Volusia,Not available,-81.128538,29.191215
149,"1204 W Donahue St, Eldridge, IA 52748",Eldridge,IA,52748,Scott,BURMEISTER 2ND ADD,-90.596811,41.658563
150,"2917 Sterling Dr, Edmond, OK 73012",Edmond,OK,73012,Oklahoma,HOMESTEAD I TO EDMOND,-97.521631,35.671616
151,"1164 Valley View Dr, Hurst, TX 76053",Hurst,TX,76053,Tarrant,MASON PARK ADDITION,-97.166618,32.83166
152,"132 Eastland Dr, Memphis, TN 38111",Memphis,TN,38111,Shelby,WOODLANDS,-89.932788,35.135227
153,"9439 Hedges Dr, Rancho Cucamonga, CA 91701",Rancho Cucamonga,CA,91701,San Bernardino,Not available,-117.599606,34.130927
154,"312 Wade St, Warsaw, NC 28398",Warsaw,NC,28398,Duplin,ROUSE SUBDIVISION,-78.084758,35.006641
155,"317 105th Ln NW, Minneapolis, MN 55448",Minneapolis,MN,55448,Anoka,CARLSONS REAR BL 2 LIB PARK,-93.274934,45.162085
156,"1711 N Ricketts St, Sherman, TX 75092",Sherman,TX,75092,Grayson,REVERE HOMES INC(RPL MAXEY),-96.62196,33.651541
157,"15775 Lakeshore Rd, Unit 2, Union Pier, MI 49129",Union Pier,MI,49129,Berrien,Not available,-86.690606,41.834224
158,"2207 Caspian Dr, Lakeland, FL 33805",Lakeland,FL,33805,Polk,VILLAGES AT BRIDGEWATER VILLAGE 3,-81.917761,28.12784
159,"249 Cambridge Elm Dr, Clayton, NC 27520",Clayton,NC,27520,Johnston,WESTON WOODS PUD PH 02,-78.531205,35.581929
160,"5705 N Delaware Ave, Portland, OR 97217",Portland,OR,97217,Multnomah,WILLAMETTE,-122.69286,45.564703
161,"127 Southbrook Rd, Hendersonville, NC 28792",Hendersonville,NC,28792,Henderson,HENDERSON,-82.474027,35.368512
162,"9037 Modern Ct, Las Vegas, NV 89149",Las Vegas,NV,89149,Clark,ASTORIA AT TOWN CENTER-SOUTH,-115.293429,36.297871
163,"1033 E 28th St, Apt 10, Los Angeles, CA 90011",Los Angeles,CA,90011,Los Angeles,Not available,-118.256155,34.017325
164,"12710 3rd St, Spc 78, Yucaipa, CA 92399",Yucaipa,CA,92399,San Bernardino,Not available,-117.048692,34.022696
165,"730 Stinson St, Apt 17102, Norman, OK 73072",Norman,OK,73072,Cleveland,Not available,-97.432031,35.199264
166,"5120 Rowan Dr, San Ramon, CA 94582",San Ramon,CA,94582,Contra Costa,MAP/SUB 9302,-121.911943,37.760762
167,"1645 N Applebury Dr, Fayetteville, AR 72701",Fayetteville,AR,72701,Washington,JACKSONS FIRST ADD,-94.137176,36.077697
168,"6343 Foxwood Ct, Liberty Township, OH 45044",Liberty Township,OH,45044,Butler,HUNTING CREEK,-84.398782,39.392191
169,"1821 Alpine St, Carson City, NV 89703",Carson City,NV,89703,Carson City,ANDERSEN HEIGHTS SUBDIVISION,-119.773535,39.1767
170,"34 Sullivan Ln, Bristol, RI 02809",Bristol,RI,2809,Bristol,Not available,-71.288007,41.702359
171,"6154 County Rd, 30, Port Saint Joe, FL 32456",Port Saint Joe,FL,32456,Gulf County,Not available,-85.406152,29.772444
172,"11781 Lovejoy Crossing Blvd, Hampton, GA 30228",Hampton,GA,30228,Clayton,LOVEJOY CROSSING PHASE II,-84.305827,33.431591
173,"2108 Moonflower Ct, Palmdale, CA 93550",Palmdale,CA,93550,Los Angeles,43356,-118.091735,34.564858
174,"236 Los Nietos Ln, Seguin, TX 78155",Seguin,TX,78155,Guadalupe,Not available,-98.110039,29.660119
175,"15918 Ne 40th Way, Redmond, WA 98052",Redmond,WA,98052,King,Not available,-122.126783,47.646588
176,"4207 28th Ct, Vero Beach, FL 32967",Vero Beach,FL,32967,Indian River,ADDITION TO JACKSONS SUBDIVISION,-80.414312,27.669904
177,"270 Ivey Hollow Cir, Dawsonville, GA 30534",Dawsonville,GA,30534,Dawson,BLACKS MILL PRESERVE,-84.070369,34.347982
178,"2101 E Edgewood Rd, Sioux Falls, SD 57103",Sioux Falls,SD,57103,Minnehaha,SPENCER HIGHLANDS ADDN,-96.699615,43.509487
179,"1843 E Tremaine Ave, Gilbert, AZ 85234",Gilbert,AZ,85234,Maricopa,SONOMA RANCH,-111.749881,33.362459
180,"766 Aprile Ave S, Lehigh Acres, FL 33974",Lehigh Acres,FL,33974,Lee,LEHIGH ACRES,-81.569829,26.549033
181,"8485 E Bowline Rd, Tucson, AZ 85710",Tucson,AZ,85710,Pima,SARNOFF RIDGE II,-110.811394,32.205092
182,"1776 Chelwood Cir, Charleston, SC 29407",Charleston,SC,29407,Charleston,NORTHBRIDGE TERRACE,-79.986045,32.814869
183,"15641 Mentz St, Apt 1, La Puente, CA 91744",La Puente,CA,91744,Los Angeles,MICHAEL MORALES H O A,-117.948841,34.031997
184,"7249 W Fallen Leaf Ln, Peoria, AZ 85383",Peoria,AZ,85383,Maricopa,ESTATES AT HAPPY VALLEY,-112.215409,33.709383
185,"190 W Maberry Dr, # A, Lynden, WA 98264",Lynden,WA,98264,Whatcom,KULSHAN WEST DUPLEX CONDO 3RD,-122.448082,48.95769
186,"7209 Dos Rios Dr, Tujunga, CA 91042",Tujunga,CA,91042,Los Angeles,25070,-118.289629,34.269456
187,"2049 E Colgate Dr, Tempe, AZ 85283",Tempe,AZ,85283,Maricopa,KNOELL TEMPE UNIT 6,-111.898206,33.375366
188,"1002 Lake Shore Dr, Delray Beach, FL 33444",Delray Beach,FL,33444,Palm Beach,LAKE IDA SHORES,-80.084448,26.473998
189,"515 Watts Ave, Greenville, SC 29601",Greenville,SC,29601,Greenville,PARRISH GOWER & MARTIN PROPERT,-82.395393,34.835499
190,"815 Manor Ct, Joliet, IL 60436",Joliet,IL,60436,Will,HALDEMANN TERRACE,-88.103476,41.521043
191,"2009 N Emerson St, Arlington, VA 22207",Arlington,VA,22207,Arlington,HIGHVIEW PARK,-77.129655,38.893687
192,"131 William And Mary Way, Lot 5, Manteo, NC 27954",Manteo,NC,27954,Dare,Not available,-75.68857,35.932148
193,"1115 Liberty St, Racine, WI 53404",Racine,WI,53404,Racine,SAGES ADD,-87.793679,42.730263
194,"3017 Peerless Ave, Bakersfield, CA 93308",Bakersfield,CA,93308,Kern,1826,-119.020084,35.434202
195,"2161 153rd Ave NE, Andover, MN 55304",Andover,MN,55304,Anoka,Not available,-93.215277,45.249827
196,"4507 Bannons Walk Ct, Jacksonville, FL 32258",Jacksonville,FL,32258,Duval County,Not available,-81.589158,30.146171
197,"2215 E Hidalgo Ave, Phoenix, AZ 85040",Phoenix,AZ,85040,Maricopa,COPPER LEAF DEVELOPMENT UNIT 4 CONDOMINI,-112.033693,33.393999
198,"PO Box 2774, Sacramento, CA 95812",Sacramento,CA,95812,Sacramento,Not available,-121.4955,38.582
199,"13510 Deerwater Dr, Germantown, MD 20874",Germantown,MD,20874,Montgomery,WAVERLY PH,-77.278635,39.192093
200,"216 Highway, 81, Oxford, GA 30054",Oxford,GA,30054,Walton,E ATLANTA FARMS-XII,-83.852942,33.715146
201,"13561 Medinac Ln, Unit 70H, Seal Beach, CA 90740",Seal Beach,CA,90740,Orange,Not available,-118.088052,33.765802
202,"3286 E Fairview St, Gilbert, AZ 85295",Gilbert,AZ,85295,Maricopa,PECOS PARK,-111.719127,33.295945
203,"125 S State St, Ste 6404, Salt Lake City, UT 84138",Salt Lake City,UT,84138,Salt Lake,Not available,-111.887845,40.76674
204,"803 Ne 188th Ave, Portland, OR 97230",Portland,OR,97230,Multnomah,LANDRY COURT,-122.47059,45.528629
205,"7018 S 12th St, Apt 2808, Tacoma, WA 98465",Tacoma,WA,98465,Pierce,Not available,-122.528534,47.249916
206,"2521 N Mason St, Appleton, WI 54914",Appleton,WI,54914,Outagamie,Not available,-88.426182,44.28521
207,"121 Paulette Way, Antioch, CA 94509",Antioch,CA,94509,Contra Costa,Not available,-121.844002,37.995869
208,"424 E Foothill Blvd, Apt E, Monrovia, CA 91016",Monrovia,CA,91016,Los Angeles,Not available,-117.99386,34.151168
209,"775 Front St, Hellertown, PA 18055",Hellertown,PA,18055,Northampton,WHISPERING ACRES,-75.342445,40.580659
210,"218 Bandon Dr, New Bern, NC 28562",New Bern,NC,28562,Craven,CRAEBERNE FOREST,-77.132343,35.103663
211,"2600 Finley Rd, Apt 702, Irving, TX 75062",Irving,TX,75062,Dallas,Not available,-96.980611,32.850269
212,"1010 Jenny Dr, Cleburne, TX 76031",Cleburne,TX,76031,Johnson,SPRING CREEK ESTATE,-97.334157,32.41056
213,"Harts Creek Rd, Trinity, TX 75862",Trinity,TX,75862,Trinity,Not available,-95.221214,30.860128
214,"817 Moore St, Kerrville, TX 78028",Kerrville,TX,78028,Kerr,HILL CREST,-99.131011,30.052697
215,"35 Plantation Dr NE, Atlanta, GA 30324",Atlanta,GA,30324,Fulton,PLANTATION/LENOX,-84.353528,33.836834
216,"1285 Killian Shoals Way SW, Lilburn, GA 30047",Lilburn,GA,30047,Gwinnett,KILLIAN WOODS,-84.083925,33.863132
217,"N22W22343 Rosewood Ct, Waukesha, WI 53186",Waukesha,WI,53186,Waukesha,SPRINGDALE ESTATES,-88.193732,43.05979
218,"3738 Se Cherokee Rd, Prineville, OR 97754",Prineville,OR,97754,Crook County,Not available,-120.803269,44.159224
219,"4732 5th Ave S, Minneapolis, MN 55419",Minneapolis,MN,55419,Hennepin,LATHAMS PORTLAND AVE ADDN,-93.269378,44.91689
220,"75 Falling Leaf Ln, Benson, NC 27504",Benson,NC,27504,Johnston,Not available,-78.591004,35.424199
221,"1480 Spring Brook Ct, Unit 3B, Round Lake Beach, IL 60073",Round Lake Beach,IL,60073,Lake,FAIRFIELD VILLAGE,-88.115914,42.36586
222,"525 W Westchester Pkwy, Apt 1923, Grand Prairie, TX 75052",Grand Prairie,TX,75052,Dallas,Not available,-97.010926,32.670886
223,"3106 Buckview Ln, Brandon, FL 33511",Brandon,FL,33511,Hillsborough,Not available,-82.297199,27.897069
224,"216 Magnolia Ave, Augusta, GA 30901",Augusta,GA,30901,Richmond,SUNNYDALE PARK,-81.944301,33.464129
225,"226 Tanglewood Way, Apt C, Tazewell, VA 24651",Tazewell,VA,24651,Tazewell,Not available,-81.501154,37.1171
226,"158 Crowder St, Barnesville, GA 30204",Barnesville,GA,30204,Lamar,Not available,-84.162194,33.055534
227,"9980 Meadow Glen Dr, Independence, KY 41051",Independence,KY,41051,Kenton County,Not available,-84.560684,38.957882
228,"645 Harbor Bay Dr, Lawrenceville, GA 30045",Lawrenceville,GA,30045,Gwinnett,ST MARTIN COVE,-83.920828,33.905616
229,"56 Fairfax Rd, Apt 3, Worcester, MA 01610",Worcester,MA,1610,Worcester,Not available,-71.79894,42.242344
230,"308 Pine St, Ambridge, PA 15003",Ambridge,PA,15003,Beaver,BEAVER COUNTY LAND COS 02,-80.220513,40.583863
231,"5812 Rockburn Woods Way, Elkridge, MD 21075",Elkridge,MD,21075,Howard,ROCKBURN VIEW RESUB,-76.771006,39.21377
232,"8316 63rd St W, University Place, WA 98467",University Place,WA,98467,Pierce,DANBRIDGE DIV I,-122.548459,47.199907
233,"1098 Ashbury Dr, Decatur, GA 30030",Decatur,GA,30030,Dekalb,ASHBURY,-84.275843,33.763132
234,"3245 Cashion Pl, Oklahoma City, OK 73112",Oklahoma City,OK,73112,Oklahoma,LYONS WILL ROGERS PK,-97.574333,35.501501
235,"2424 Texoma Pkwy, Trlr 93, Sherman, TX 75090",Sherman,TX,75090,Grayson,Not available,-96.597653,33.664997
236,"4804 N Mont Clare Ave, Chicago, IL 60656",Chicago,IL,60656,Cook,LEE N ROMANOS ADD,-87.805192,41.968528
237,"476 Highway, 11, Monroe, GA 30655",Monroe,GA,30655,Walton,Not available,-83.702549,33.733226
238,"1511 Phillips Ave, Las Vegas, NV 89104",Las Vegas,NV,89104,Clark,FRANCISCO PARK #02,-115.132076,36.147468
239,"21561 Wolf Lake Ct, Crest Hill, IL 60403",Crest Hill,IL,60403,Will,CARILLON LAKES UNIT 8,-88.142384,41.590238
240,"10206 S Fairview Dr, Oklahoma City, OK 73159",Oklahoma City,OK,73159,Cleveland,SOUTHRIDGE,-97.560408,35.364834
241,"2510 Central Ave, Indianapolis, IN 46205",Indianapolis,IN,46205,Marion,DOUGLASS PARK ADDITION,-86.149881,39.803295
242,"11669 Valerio St, Apt 221, North Hollywood, CA 91605",North Hollywood,CA,91605,Los Angeles,Not available,-118.386885,34.204831
243,"2685 Orchid Ave, North Charleston, SC 29405",North Charleston,SC,29405,Charleston,BRENTWOOD,-80.006648,32.860059
244,"5020 N 61st St, Milwaukee, WI 53218",Milwaukee,WI,53218,Milwaukee,ASSESSMENT SUBD,-87.987132,43.108829
245,"633 Maidencane Dr, Lexington, KY 40509",Lexington,KY,40509,Fayette,GESS PROPERTY,-84.399313,37.984315
246,"3561 Denver Ave, Corpus Christi, TX 78411",Corpus Christi,TX,78411,Nueces,P A CLIFFS,-97.377728,27.751954
247,"809 Bromley St, Marshalltown, IA 50158",Marshalltown,IA,50158,Marshall,Not available,-92.898888,42.051417
248,"527 Greenwich Blvd, San Antonio, TX 78209",San Antonio,TX,78209,Bexar,CONV A/S CODE,-98.454602,29.494074
249,"3923 Aster St, Lawrence, KS 66049",Lawrence,KS,66049,Douglas,SUBDIVISION 1174,-95.28968,38.986539
250,"PO Box 1081, Waldorf, MD 20604",Waldorf,MD,20604,Charles,Not available,-76.90090000000001,38.6176
251,"1001 S Standard Ave, San Juan, TX 78589",San Juan,TX,78589,Hidalgo,SAN JUAN ORIGINAL TOWNSITE - SPA,-98.159186,26.18481
252,"3900 N Lake Shore Dr, Apt 17B, Chicago, IL 60613",Chicago,IL,60613,Cook,LAKE SHORE DRIVE CONDOMINIUM,-87.645159,41.953091
253,"34 Ne 70th St, Miami, FL 33138",Miami,FL,33138,Miami-Dade,DUPONT ADDN,-80.195532,25.839128
254,"10935 Neptune Dr, Cooper City, FL 33026",Cooper City,FL,33026,Broward,Not available,-80.293055,26.034301
255,"1805 Devonwood Ct, Knoxville, TN 37922",Knoxville,TN,37922,Knox,FARMINGTON UNIT 3,-84.070533,35.866968
256,"1329 Rivera Dr, Sacramento, CA 95838",Sacramento,CA,95838,Sacramento,OAK RDG ACRES,-121.436043,38.628963
257,"3715 Se 15th Ave, Portland, OR 97202",Portland,OR,97202,Multnomah,FEURERS ADD,-122.650649,45.495768
258,"3754 Donegal Ln, Brookhaven, PA 19015",Brookhaven,PA,19015,Delaware,PROPERTY/DONALD SEGAL,-75.391362,39.864719
259,"222 Lane, of Sir Gawaine, Garner, NC 27529",Garner,NC,27529,Wake,CAMELOT,-78.546182,35.679573
260,"3365 Hamilton St, West Lafayette, IN 47906",West Lafayette,IN,47906,Tippecanoe,UNIVERSITY FARM SD,-86.907349,40.467157
261,"126 Lathems Mill Ln, Ball Ground, GA 30107",Ball Ground,GA,30107,Cherokee,LATHEMS MILL,-84.310883,34.256959
262,"16 Jonathan St, Gardner, MA 01440",Gardner,MA,1440,Worcester,Not available,-71.998755,42.581738
263,"5716 Norwaldo Ave, Indianapolis, IN 46220",Indianapolis,IN,46220,Marion,Not available,-86.129675,39.857545
264,"907 N Frio St, Mathis, TX 78368",Mathis,TX,78368,San Patricio,Not available,-97.826229,28.103375
265,"2300 Macdade Blvd, Holmes, PA 19043",Holmes,PA,19043,Delaware,Not available,-75.308189,39.898464
266,"2519 S Quintero Way, Aurora, CO 80013",Aurora,CO,80013,Arapahoe,HUTCHINSON HTS SUB 8TH FLG,-104.785881,39.670759
267,"313 Cloud Pl, West Chester, PA 19380",West Chester,PA,19380,Chester,Not available,-75.52816,39.96821
268,"2355 Street Rd, Bensalem, PA 19020",Bensalem,PA,19020,Bucks,Not available,-74.950279,40.104031
269,"20055 Northville Hills Ter, Ashburn, VA 20147",Ashburn,VA,20147,Loudoun,BELMONT LANDBAY W,-77.499257,39.061027
270,"14533 River Rd, Caldwell, ID 83607",Caldwell,ID,83607,Canyon,Not available,-116.684178,43.698607
271,"1421 N Lockhart St, Sherman, TX 75092",Sherman,TX,75092,Grayson,MCANAIR J B,-96.619811,33.648626
272,"164 Copper Cir, Units 207 & 207A, Copper Mountain, CO 80443",Copper Mountain,CO,80443,Summit County,Not available,-106.157425,39.500618
273,"509 Seminole St, Irwin, PA 15642",Irwin,PA,15642,Westmoreland,Not available,-79.687142,40.324097
274,"1 Clearview Ct N, Palm Coast, FL 32137",Palm Coast,FL,32137,Flagler,PALM COAST SEC 04,-81.204526,29.577537
275,"0N337 Herrick Dr, Wheaton, IL 60187",Wheaton,IL,60187,DuPage,Not available,-88.126694,41.879436
276,"126 Corbins Mill Dr, Dublin, OH 43017",Dublin,OH,43017,Franklin,CARROWMOOR,-83.122398,40.095841
277,"166 Mayfield Ave, Apt 2, Cranston, RI 02920",Cranston,RI,2920,Providence,Not available,-71.469143,41.734728
278,"7003 Wheaton Hill Ln, Richmond, TX 77407",Richmond,TX,77407,Fort Bend,GRAND MISSION SEC 8,-95.720408,29.701955
279,"8557 Rancho Canada Rd, Spc 30, El Cajon, CA 92021",El Cajon,CA,92021,San Diego,MOBILE HOME,-116.89473,32.830129
280,"4701 Blalock Rd, Houston, TX 77041",Houston,TX,77041,Harris,Not available,-95.524783,29.840403
281,"3003 Gallows Way, Knightdale, NC 27545",Knightdale,NC,27545,Wake,LEWIS LANDING SUB,-78.492911,35.786563
282,"35728 Filaree Ln, Murrieta, CA 92562",Murrieta,CA,92562,Riverside,Not available,-117.177436,33.601713
283,"1864 Brackenhurst Pl, Lake Mary, FL 32746",Lake Mary,FL,32746,Seminole,CARISBROOKE,-81.392806,28.791263
284,"900 9th St, Green Bay, WI 54304",Green Bay,WI,54304,Brown,WEST SIDE HILL,-88.040254,44.506198
285,"1312 W Washington Blvd, Fort Wayne, IN 46802",Fort Wayne,IN,46802,Allen,ROCKHILLS ADD,-85.155945,41.074887
286,"607 N Schoenbeck Rd, Prospect Heights, IL 60070",Prospect Heights,IL,60070,Cook,SMITH & DAWSONS SIXTH ADD TO COUNTRY,-87.946028,42.107041
287,"1004 Old Metairie Dr, Metairie, LA 70001",Metairie,LA,70001,Jefferson,OLD METAIRIE PLACE,-90.143742,29.975908
288,"10405 Town And Country Way, Ste 206, Houston, TX 77024",Houston,TX,77024,Harris,Not available,-95.553825,29.78141
289,"2666 Clinton St, Abilene, TX 79603",Abilene,TX,79603,Taylor,W T MC QUARY OF DELLES & PAXTON,-99.743044,32.482054
290,"17 Nudd Ave, Hampton, NH 03842",Hampton,NH,3842,Rockingham,EDNA L NUDD & JULIA A ROSS,-70.810979,42.913469
291,"PO Box 424, Savoy, IL 61874",Savoy,IL,61874,Champaign,Not available,-88.248,40.061762
292,"9300 Coit Rd, Apt 1613, Plano, TX 75025",Plano,TX,75025,Collin,Not available,-96.769426,33.104443
293,"527 Burbank Ave, Woodstock, IL 60098",Woodstock,IL,60098,McHenry,HOBARTS ADD,-88.443452,42.304768
294,"4381 E Presidio Pl, Tucson, AZ 85712",Tucson,AZ,85712,Pima,FORT LOWELL ESTATES,-110.898406,32.263439
295,"240 Makee Rd, Apt 5C, Honolulu, HI 96815",Honolulu,HI,96815,Honolulu,PARKVIEW,-157.819874,21.272692
296,"2645 S Xanadu Way, Unit B, Aurora, CO 80014",Aurora,CO,80014,Arapahoe,HEATHER RIDGE SOUTH SUB 7TH FLG AMEND,-104.832728,39.670061
297,"17465 Spring Valley Rd, Dade City, FL 33523",Dade City,FL,33523,Pasco,BLANTON ESTATES,-82.245873,28.411368
298,"1566 W El Mirage Ln, Pueblo, CO 81007",Pueblo,CO,81007,Pueblo,184 PW,-104.816792,38.308263
299,"32 E Bank Rd, Poughkeepsie, NY 12603",Poughkeepsie,NY,12603,Dutchess,Not available,-73.850376,41.714608
300,"2630 Flossmoor Rd, Ste 202, Flossmoor, IL 60422",Flossmoor,IL,60422,Cook,Not available,-87.680913,41.542341
301,"2722 Octavia St, San Francisco, CA 94123",San Francisco,CA,94123,San Francisco,PARCEL MAP OF 27184724 OCTAVIA ST,-122.428545,37.797344
302,"2031 Campfire, Spring Branch, TX 78070",Spring Branch,TX,78070,Comal,Not available,-98.35365,29.895076
303,"15 Treetops Ln, Danvers, MA 01923",Danvers,MA,1923,Essex,Not available,-70.942686,42.586689
304,"210 Mckinley St, Klamath Falls, OR 97601",Klamath Falls,OR,97601,Klamath,KLAMATH FALLS 1ST ADDITION,-121.791188,42.225696
305,"2710 8th Ave, Pueblo, CO 81003",Pueblo,CO,81003,Pueblo,60 CENTRAL PK + PUEBLO + CO-ADD,-104.624858,38.295656
306,"16 Green, Acres, Beaufort, SC 29906",Beaufort,SC,29906,Beaufort,Not available,-80.731907,32.442639
307,"1451 Oro Dam Blvd W, Spc 18, Oroville, CA 95965",Oroville,CA,95965,Butte,Not available,-121.598006,39.497035
308,"5900 Forest View Rd, Apt 2B, Lisle, IL 60532",Lisle,IL,60532,Dupage,FOUR LAKES CONDO HOMES D,-88.080789,41.777362
309,"2409 Treehills Pkwy, Stone Mountain, GA 30088",Stone Mountain,GA,30088,Dekalb,Not available,-84.192855,33.754585
310,"3343 Duke St, Alexandria, VA 22314",Alexandria,VA,22314,Alexandria City,Not available,-77.087758,38.809308
311,"2616 Tanner Dr, Sellersburg, IN 47172",Sellersburg,IN,47172,Clark,TANNER ESTATES,-85.791074,38.383919
312,"162 Magnolia Rd, Sterling, VA 20164",Sterling,VA,20164,Loudoun,FOXLEE SUB,-77.425342,39.00363
313,"3908 Country Side Dr, Brownwood, TX 76801",Brownwood,TX,76801,Brown,SOUTHERN HILLS ADDITION,-98.962381,31.665155
314,"210 Main St, Apt O, Manchester, CT 06042",Manchester,CT,6042,Hartford,Not available,-72.524366,41.786397
315,"6725 Woodmont Ave, Detroit, MI 48228",Detroit,MI,48228,Wayne,GARDNER PARK SUB,-83.207332,42.340265
316,"515 E 72nd St, Apt 30G, New York, NY 10021",New York,NY,10021,Not available,Not available,-73.952647,40.766857
317,"2112 Acacia Park Dr, Apt 103, Cleveland, OH 44124",Cleveland,OH,44124,Cuyahoga,ACACIA ON THE GREEN COND,-81.483962,41.5025
318,"5805 Marshwell Way, San Jose, CA 95138",San Jose,CA,95138,Santa Clara,6037,-121.785611,37.246097
319,"506 Atwood St SW, Atlanta, GA 30310",Atlanta,GA,30310,Fulton,PARKVIEW HOMESITES,-84.428548,33.741235
320,"44 George St, Unit B, East Haven, CT 06512",East Haven,CT,6512,New Haven,Not available,-72.870232,41.248699
321,"3000 Garnet Way, Atlanta, GA 30349",Atlanta,GA,30349,Fulton,WOODWARD EST,-84.477795,33.578938
322,"112 Palmer Pointe Way, Holly Springs, NC 27540",Holly Springs,NC,27540,Wake,TWELVE OAKS,-78.871484,35.679805
323,"816 Dogwood Dr, Martinsville, VA 24112",Martinsville,VA,24112,Henry,Not available,-79.785154,36.691418
324,"3302 Cottonwood Ln, Temple, TX 76502",Temple,TX,76502,Bell,MEADOW OAKS NORTH,-97.387653,31.076705
325,"1511 Penn St, Harrisburg, PA 17102",Harrisburg,PA,17102,Dauphin,Not available,-76.89251,40.271393
326,"1B Master, Unit Bedroom, Garland, TX 75042",Garland,TX,75042,Dallas,Not available,-96.6952907,32.9253437
327,"1556 Devoe St, Tallahassee, FL 32304",Tallahassee,FL,32304,Leon,PLANTATION OF TALLAHASSEE PECA,-84.345351,30.463296
328,"1837 Old Parsonage Rd, Charleston, SC 29414",Charleston,SC,29414,Charleston,PIERPONT,-80.045985,32.831432
329,"3283 Meadows Ave, Apt 101, Merced, CA 95348",Merced,CA,95348,Merced,Not available,-120.490336,37.322701
330,"1090 Country Club Rd, Camp Hill, PA 17011",Camp Hill,PA,17011,Cumberland,PEALER LAND DEV,-76.947412,40.271909
331,"1820 Brennan Ct, Lancaster, CA 93534",Lancaster,CA,93534,Los Angeles,46090,-118.164043,34.710058
332,"7159 S Durango Dr, Unit 213, Las Vegas, NV 89113",Las Vegas,NV,89113,Clark,VISTANA CONDO-UNIT 2,-115.280773,36.056921
333,"616 W Ilex Dr, West Palm Beach, FL 33403",West Palm Beach,FL,33403,Palm Beach,KELSEY CITY,-80.065356,26.803634
334,"4829 N 7th St, Philadelphia, PA 19120",Philadelphia,PA,19120,Philadelphia,Not available,-75.13638,40.025429
335,"4600 S Four Mile Run Dr, Apt 501, Arlington, VA 22204",Arlington,VA,22204,Arlington,CARLTON CONDOMINIUM,-77.106222,38.854783
336,"6108 Palomonte Dr, Temple, TX 76502",Temple,TX,76502,Bell,BELLA TERRA PHASE I,-97.395348,31.046379
337,"4720 Dahlonega Hwy, Cumming, GA 30028",Cumming,GA,30028,Forsyth,SILVER CITY,-84.099213,34.298588
338,"7024 Outfitter Dr, Austin, TX 78744",Austin,TX,78744,Travis,COLORADO CROSSING III SEC 5,-97.700805,30.199415
339,"1773 Nw 44th St, Ocala, FL 34475",Ocala,FL,34475,Marion,Not available,-82.155083,29.233357
340,"66486 E 258 Rd, Grove, OK 74344",Grove,OK,74344,Delaware,REPLAT OF PART OF TRACT 1 CAYUGA RESORT,-94.686869,36.639633
341,"8062 Big Roundtop Rd, Hanover, MD 21076",Hanover,MD,21076,Anne Arundel,Not available,-76.757561,39.127787
342,"4187 Tokay Dr, Napa, CA 94558",Napa,CA,94558,Napa,CARLTON CLASSICS,-122.329653,38.329262
343,"80 E Franklin St, Bellbrook, OH 45305",Bellbrook,OH,45305,Greene,Not available,-84.067849,39.63614
344,"107 Ashley Ln, Laurens, SC 29360",Laurens,SC,29360,Laurens,Not available,-82.046367,34.497967
345,"1114 N Ohenry Blvd, Greensboro, NC 27405",Greensboro,NC,27405,Guilford,Not available,-79.766334,36.087789
346,"3851 E Thunderbird Rd, Ste 111288, Phoenix, AZ 85032",Phoenix,AZ,85032,Maricopa,Not available,-111.998283,33.611133
347,"6201 Sneed Cv, Apt 1325, Austin, TX 78744",Austin,TX,78744,Travis County,Not available,-97.763451,30.193948
348,"4815 11th St, Apt 8A, Long Island City, NY 11101",Long Island City,NY,11101,Queens,Not available,-73.950977,40.743131
349,"2262 W Britton Rd, Perry, MI 48872",Perry,MI,48872,Shiawassee,Not available,-84.205157,42.834963
350,"2310 Stonehouse Dr, Napa, CA 94558",Napa,CA,94558,Napa,EDGEWATER SUBD,-122.279729,38.313792
351,"4651 Sheridan St, Ste 260, Hollywood, FL 33021",Hollywood,FL,33021,Broward,Not available,-80.192329,26.033436
352,"237 Meadow Ave, East Peoria, IL 61611",East Peoria,IL,61611,Tazewell,Not available,-89.553594,40.666389
353,"1631 Bellefontaine St, Indianapolis, IN 46202",Indianapolis,IN,46202,Marion,MAUZYS SUBDIVISION,-86.142055,39.789437
354,"7630 County Rd, 330, Bertram, TX 78605",Bertram,TX,78605,Burnet,Not available,-98.11011,30.722367
355,"27 Fitchett St, Poughkeepsie, NY 12601",Poughkeepsie,NY,12601,Dutchess,MANSION STREET HEIGHTS,-73.909399,41.705496
356,"375A Beach Club Trl, Apt 703, Gulf Shores, AL 36542",Gulf Shores,AL,36542,Baldwin,BEACH CLUB PRCL 9 CONDO,-87.876644,30.237898
357,"956 Nosotros St, Calexico, CA 92231",Calexico,CA,92231,Imperial,NOSOTROS SUB UNIT NO 2,-115.518431,32.676416
358,"13743 N Pristine Cir, Rathdrum, ID 83858",Rathdrum,ID,83858,Kootenai,RADIANT LAKE ESTATES,-116.89087,47.794571
359,"1901 W 40th Ave, Apt 124, Pine Bluff, AR 71603",Pine Bluff,AR,71603,Jefferson,Not available,-92.021775,34.189101
360,"1106 Dominion Dr, Cary, NC 27519",Cary,NC,27519,Wake County,Not available,-78.866085,35.817332
361,"975 Castlewood Dr, Franktown, CO 80116",Franktown,CO,80116,Douglas,METES AND BOUNDS,-104.762787,39.385832
362,"4219 Se Saddlebrook Cir, Lees Summit, MO 64082",Lees Summit,MO,64082,Jackson,SADDLEBROOK EAST 4TH PLAT,-94.369405,38.842161
363,"1915 Grandin Rd SW, Roanoke, VA 24015",Roanoke,VA,24015,Roanoke City,RALEIGH COURT LAND CO SEC,-79.982188,37.25896
364,"200 Kellington Dr N, Apt 17207, Kingwood, TX 77339",Kingwood,TX,77339,Montgomery,Not available,-95.252275,30.059034
365,"4631 40th Ave N, Saint Petersburg, FL 33714",Saint Petersburg,FL,33714,Pinellas,VEZINA GROVES SUB,-82.696863,27.808499
366,"2057 Whistler Ave, Baltimore, MD 21230",Baltimore,MD,21230,Baltimore City,Not available,-76.650211,39.264828
367,"10939 Se 223rd Pl, Kent, WA 98031",Kent,WA,98031,King,BENSON EAST,-122.194713,47.401545
368,"995 Pecan St, Clarkston, GA 30021",Clarkston,GA,30021,Dekalb,KING J C,-84.24565,33.807536999999996
369,"101 Nonesuch Pl, Irving, TX 75061",Irving,TX,75061,Dallas,TOWNE LAKE,-97.005954,32.82204
370,"511 Hillside Dr S, North Myrtle Beach, SC 29582",North Myrtle Beach,SC,29582,Horry,OCEAN DR BCH,-78.678979,33.817065
371,"3249 Cosbey Ave, Baldwin Park, CA 91706",Baldwin Park,CA,91706,Los Angeles,14121,-117.99279,34.071031
372,"1430 Bradley Ln, Ste 145, Carrollton, TX 75007",Carrollton,TX,75007,Denton,Not available,-96.923625,32.991738
373,"4230 N 72nd Ln, Phoenix, AZ 85033",Phoenix,AZ,85033,Maricopa,MARYVALE TERRACE NO. 43,-112.215631,33.497431
374,"6610 Ave U, Lubbock, TX 79412",Lubbock,TX,79412,Lubbock,BEVERLY HEIGHTS,-101.862054,33.533468
375,"281 Kennemer Dr, Laceys Spring, AL 35754",Laceys Spring,AL,35754,Morgan,Not available,-86.594408,34.506238
376,"2119 Waterrock Dr, Allen, TX 75013",Allen,TX,75013,Collin,STARCREEK PHASE THREE (CAL),-96.669225,33.131954
377,"31314 N 2nd St, Phoenix, AZ 85085",Phoenix,AZ,85085,Maricopa,GATEWAY AT SONORAN PRESERVE,-112.071268,33.769093
378,"2818 S Pike Ave, Allentown, PA 18103",Allentown,PA,18103,Lehigh,Not available,-75.450277,40.567961
379,"12702 Graystone Ave, Norwalk, CA 90650",Norwalk,CA,90650,Los Angeles,17581,-118.093749,33.915535
380,"729 84th St S, Birmingham, AL 35206",Birmingham,AL,35206,Jefferson,S HIGHLANDS OF EAST L 2,-86.709414,33.567632
381,"11195 Dahlia Pl, Thornton, CO 80233",Thornton,CO,80233,Adams,GRANGE CREEK,-104.929926,39.899198
382,"39 Timber Ridge Dr, Cartersville, GA 30121",Cartersville,GA,30121,Bartow,TIMBERRIDGE TOWNHOME,-84.78348,34.178337
383,"9595 Fontnbleau Blvd, Apt 1606, Miami, FL 33172",Miami,FL,33172,Miami-Dade,Not available,-80.352383,25.776262
384,"4601 Mccullough Ave, San Antonio, TX 78212",San Antonio,TX,78212,Bexar,Not available,-98.492025,29.474597
385,"500 Redbud Dr, Forney, TX 75126",Forney,TX,75126,Kaufman,SOUTH LAKE 3,-96.46185,32.764845
386,"3135 Hatton St, San Antonio, TX 78237",San Antonio,TX,78237,Bexar,CONV A/S CODE,-98.554007,29.401316
387,"3005 Slippery Rock Ct, Columbus, GA 31909",Columbus,GA,31909,Muscogee,STONE CREEK,-84.886229,32.55289
388,"8975 Spring Peeper Ave, Las Vegas, NV 89148",Las Vegas,NV,89148,Clark,VENEZIA UNIT-2 AT RHODES RANCH,-115.287457,36.057444
389,"PO Box 6224, Douglas, AZ 85655",Douglas,AZ,85655,Cochise,Not available,-109.5526,31.3445
390,"496 S Kelly Rd, Coeur D Alene, ID 83814",Coeur D Alene,ID,83814,Kootenai,GREEN FERRY TERRACE,-116.909531,47.693508
391,"65 Mystic St, Apt 23, Methuen, MA 01844",Methuen,MA,1844,Essex,Not available,-71.202058,42.727438
392,"1902 Colquitt St, Apt 35C, Houston, TX 77098",Houston,TX,77098,Harris,Not available,-95.407129,29.735161
393,"8302 King St, Omaha, NE 68122",Omaha,NE,68122,Douglas,SOMERSET 2,-96.042068,41.331933
394,"34264 Camino Capistrano, Unit 313, Capistrano Beach, CA 92624",Capistrano Beach,CA,92624,Orange,13353,-117.672484,33.46583
395,"16407 E 47th Pl, Tulsa, OK 74134",Tulsa,OK,74134,Tulsa,TRINITY CREEK II,-95.79459,36.096245
396,"26431 Sandhill Blvd, Punta Gorda, FL 33983",Punta Gorda,FL,33983,Charlotte,PUNTA GORDA ISLES,-82.012708,27.016712
397,"7952 Emerald Winds Cir, Boynton Beach, FL 33473",Boynton Beach,FL,33473,Palm Beach,CANYON SPRINGS,-80.180656,26.504403
398,"13142 E 1800th Ave, Effingham, IL 62401",Effingham,IL,62401,Effingham,Not available,-88.561174,39.172907
399,"110 Conner Ct, Macon, GA 31210",Macon,GA,31210,Bibb,BOLINGBROKE MANOR,-83.788013,32.922439
400,"1507 Snapdragon Ln, Forest Grove, OR 97116",Forest Grove,OR,97116,Washington,PACIFIC GROVE NO.3,-123.121833,45.532268
401,"2005 Las Verdes St, Las Vegas, NV 89102",Las Vegas,NV,89102,Clark,LAS VERDES HGTS UNIT #4,-115.194057,36.149039
402,"3521A Utah St, Saint Louis, MO 63118",Saint Louis,MO,63118,Saint Louis City,Not available,-90.241906,38.597438
403,"165B W Hillsdale Blvd, San Mateo, CA 94403",San Mateo,CA,94403,San Mateo,Not available,-122.303254,37.533916
404,"804 Cypress Grove Ln, Apt 307, Pompano Beach, FL 33069",Pompano Beach,FL,33069,Broward,PALM-AIRE CC 123,-80.185379,26.214014
405,"240 W Weber Ave, Du Bois, PA 15801",Du Bois,PA,15801,Clearfield,Not available,-78.766873,41.119074
406,"1653 Riverbirch Dr, Columbus, OH 43229",Columbus,OH,43229,Franklin,FOREST PARK EAST SEC 2,-82.973945,40.071432
407,"6933 Lamar Ave NW, Albuquerque, NM 87120",Albuquerque,NM,87120,Bernalillo,RINCON SUBD,-106.720927,35.144796
408,"2808 Francis St, Victoria, TX 77901",Victoria,TX,77901,Victoria,CUNNINGHAM,-96.975907,28.783096
409,"136 Luquer St, Apt 1, Brooklyn, NY 11231",Brooklyn,NY,11231,Kings,Not available,-73.99993,40.677343
410,"8359 Lamplighter Dr, Sterling Heights, MI 48312",Sterling Heights,MI,48312,Macomb,Not available,-83.026688,42.572811
411,"160 Jennings Ave, Patchogue, NY 11772",Patchogue,NY,11772,Suffolk,PATCHOGUE (M TO Z),-73.017388,40.772999
412,"8950 Carley Cir, San Diego, CA 92126",San Diego,CA,92126,San Diego,NORTH POINT UNIT #2,-117.130507,32.929969
413,"5936 Poppy Shores Way, Stockton, CA 95219",Stockton,CA,95219,San Joaquin,WESTLAKE VILLAGE UNIT #4 VILLAGE Q,-121.391307,38.0509
414,"8336 Farm Rd, 2282, Seligman, MO 65745",Seligman,MO,65745,Barry County,Not available,-93.926537,36.527049
415,"4828 Magnolia Lake Dr, Apt 305, Myrtle Beach, SC 29577",Myrtle Beach,SC,29577,Horry,MAGNOLIA POINTE HPR PH 57,-78.854749,33.743258
416,"1151 E Binner Dr, Chandler, AZ 85225",Chandler,AZ,85225,Maricopa,SANTA MARIA VILLAGE,-111.821423,33.306595
417,"1285 Westhill Ave, Platteville, WI 53818",Platteville,WI,53818,Grant,WEST HILL SUB,-90.494959,42.739134
418,"3715 Morris St, Dallas, TX 75212",Dallas,TX,75212,Dallas,HOMELAND ESTATES REVISED,-96.881415,32.784058
419,"5207 Dove Trl, Hermitage, TN 37076",Hermitage,TN,37076,Davidson,B HUNTER'S POINT,-86.58118,36.161634
420,"3405 State St, Apt B18, Omaha, NE 68112",Omaha,NE,68112,Douglas,Not available,-95.967449,41.334741
421,"9821 Healthpark Cir, Fort Myers, FL 33908",Fort Myers,FL,33908,Lee,Not available,-81.918266,26.509224
422,"3342 Hewitt Ave, Apt 74, Silver Spring, MD 20906",Silver Spring,MD,20906,Montgomery,Not available,-77.068152,39.079157
423,"843 Sniders Hwy, Apt 806, Walterboro, SC 29488",Walterboro,SC,29488,Colleton,Not available,-80.703953,32.880539
424,"14730 Sw 87th Ter, Miami, FL 33193",Miami,FL,33193,Miami-Dade,KENDALE LAKES WEST TOWNHOUSES,-80.431615,25.685200000000002
425,"5153 Beulah Ln, Kernersville, NC 27284",Kernersville,NC,27284,Forsyth,DILHAST ESTATES/COUNTRY COVE,-80.130851,36.148741
426,"13515 Georgia Ave, # 3525-103, Silver Spring, MD 20906",Silver Spring,MD,20906,Montgomery,Not available,-77.071487,39.078632
427,"5210 Manor Dr, Yakima, WA 98901",Yakima,WA,98901,Yakima,HOLLINGBERY MANOR,-120.430961,46.60467
428,"284 Kirby Ln, Durango, CO 81303",Durango,CO,81303,La Plata,Not available,-107.862,37.103268
429,"5458 Prosperity View Dr, Charlotte, NC 28269",Charlotte,NC,28269,Mecklenburg,RIDGE ROAD VILLAS MAP 03,-80.779207,35.374403
430,"124 7th Ave, Apt 2, Paterson, NJ 07524",Paterson,NJ,7524,Passaic,Not available,-74.150688,40.930402
431,"1385 21st St NE, Salem, OR 97301",Salem,OR,97301,Marion,OAKHURST IN SALEM,-123.008787,44.947503
432,"7377 E Main St, Ste B, Reynoldsburg, OH 43068",Reynoldsburg,OH,43068,Franklin,Not available,-82.800708,39.955133000000004
433,"21365 Ocean View Dr, Hayward, CA 94541",Hayward,CA,94541,Alameda,HAYWARDS PARK HOMESTEAD UNION,-122.093574,37.682901
434,"3138 S Gaffey St, Unit 8, San Pedro, CA 90731",San Pedro,CA,90731,Los Angeles,HARBOR VISTA HOMEOWNERS ASSOC,-118.292507,33.715414
435,"1370 W 26th Pl, Unit 212, Hialeah, FL 33010",Hialeah,FL,33010,Miami-Dade,Not available,-80.308258,25.845668
436,"6219 Still Mdws, San Antonio, TX 78222",San Antonio,TX,78222,Bexar County,Not available,-98.368584,29.389544
437,"3824 Old Burleigh Ln, Henrico, VA 23233",Henrico,VA,23233,Henrico,NORTH GAYTON CONDOMINIUM,-77.640487,37.648761
438,"261 S Meadowbrook Ct, Saratoga Springs, UT 84045",Saratoga Springs,UT,84045,Utah,JORDAN,-111.912469,40.357396
439,"9768 Susan Rd, Philadelphia, PA 19115",Philadelphia,PA,19115,Philadelphia,Not available,-75.040605,40.098232
440,"1001 W 120th Ave, Ste 110, Denver, CO 80234",Denver,CO,80234,Adams,Not available,-104.998412,39.915565
441,"36010 Lalumiere Rd, Oconomowoc, WI 53066",Oconomowoc,WI,53066,Waukesha,LALUMIERE,-88.462095,43.089715
442,"4525 1st Ave SW, Apt 7, Cedar Rapids, IA 52405",Cedar Rapids,IA,52405,Linn,PINE CREEK VILLAGE CONDO,-91.729554,41.966039
443,"124 Pumice Dr, Sherwood, AR 72120",Sherwood,AR,72120,Pulaski,STONEHILL ADDN,-92.205879,34.84321
444,"3357 Seymour Ave, Apt 2, Bronx, NY 10469",Bronx,NY,10469,Bronx,Not available,-73.849084,40.875702
445,"5247 Javier St, San Diego, CA 92117",San Diego,CA,92117,San Diego,CLAIREMONT MESA UNIT #4,-117.17788,32.830602999999996
446,"4580 Fountain Dr NE, Marietta, GA 30067",Marietta,GA,30067,Cobb,THE FOUNTAIN AT WOODLAWN,-84.418563,33.958154
447,"5458 Spotswood Pl, White Plains, MD 20695",White Plains,MD,20695,Charles,ST CHARLES COMMUNIES,-76.922918,38.560893
448,"1418 Park Dr, Apt 3, Charlotte, NC 28204",Charlotte,NC,28204,Mecklenburg,Not available,-80.827148,35.216243
449,"22 Nashua Dr, Marlboro, NJ 07746",Marlboro,NJ,7746,Monmouth,DEER PATH ESTATES SEC 05,-74.276983,40.303429
450,"1398 Devonshire Dr, Montgomery, AL 36116",Montgomery,AL,36116,Montgomery,SOUTHERN ACRES D,-86.282376,32.324639
451,"1412 Cooper St, Rocky Mount, NC 27803",Rocky Mount,NC,27803,Nash,JOHN W HUNTER PROP,-77.812043,35.92534
452,"18653 Teppert St, Detroit, MI 48234",Detroit,MI,48234,Wayne,SHADY LAWN SUB,-83.008545,42.431527
453,"223 Main St, Side, Dallas, GA 30132",Dallas,GA,30132,Paulding,Not available,-84.840937,33.923014
454,"7436 Mcclure Ave, Pittsburgh, PA 15218",Pittsburgh,PA,15218,Allegheny,Not available,-79.890235,40.422927
455,"5523 110th Ave N, Apt 208, Pinellas Park, FL 33782",Pinellas Park,FL,33782,Pinellas,Not available,-82.710536,27.871945
456,"21211 Arcadia Park Ln, Humble, TX 77338",Humble,TX,77338,Harris,KENSWICK FOREST,-95.302319,30.021779
457,"1635 Winton Ave, Lakewood, OH 44107",Lakewood,OH,44107,Cuyahoga,MATHEWS & GILBERT 03,-81.814595,41.478862
458,"16 8th St, Newington, CT 06111",Newington,CT,6111,Hartford,Not available,-72.753598,41.675629
459,"6408 Enchanted Solitude Pl, Columbia, MD 21044",Columbia,MD,21044,Howard,VILLAGE RIVER HILL SEC 02,-76.91478,39.197835
460,"5908 Waterbury Cir, Des Moines, IA 50312",Des Moines,IA,50312,Polk,WATERBURY CIRCLE,-93.698078,41.586516
461,"2419 Emerald Lake Dr, Apt 105, Sun City Center, FL 33573",Sun City Center,FL,33573,Hillsborough,Not available,-82.34396,27.739367
462,"8751 Nw 61st St, Tamarac, FL 33321",Tamarac,FL,33321,Broward,JASMINE AT TAMARAC CONDO,-80.266212,26.200693
463,"472 Clubhouse Dr, Lusby, MD 20657",Lusby,MD,20657,Calvert,FRESH CREEK,-76.412187,38.337057
464,"1009 Pentland St, The Dalles, OR 97058",The Dalles,OR,97058,Wasco,FORT DALLES MILITARY RESERVATI,-121.192508,45.599264
465,"1071 Washington Blvd, Robbinsville, NJ 08691",Robbinsville,NJ,8691,Mercer,Not available,-74.635428,40.22391
466,"1047 Monticello Dr, Monroe, GA 30655",Monroe,GA,30655,Walton,JEFFERSON PLANTATION,-83.796867,33.797231
467,"332 Washington St, Taunton, MA 02780",Taunton,MA,2780,Bristol,Not available,-71.092581,41.921743
468,"800 Grove Ave, South Boston, VA 24592",South Boston,VA,24592,Halifax,Not available,-78.894767,36.700691
469,"16 Hidden Acres Dr, Round Rock, TX 78665",Round Rock,TX,78665,Williamson,Not available,-97.650326,30.523967
470,"48 Unity Ave, East Providence, RI 02914",East Providence,RI,2914,Providence,Not available,-71.363658,41.802316
471,"117 Coy Glen Rd, Ithaca, NY 14850",Ithaca,NY,14850,Tompkins,Not available,-76.528656,42.429141
472,"112 Whitewing Dr, Lexington, SC 29073",Lexington,SC,29073,Lexington,WRENWOOD PH 04,-81.205209,33.941898
473,"10024 13th Dr SE, Everett, WA 98208",Everett,WA,98208,Snohomish,GREENFIELD,-122.214311,47.906794
474,"529 Chestnut St, Apt 104, Bowling Green, KY 42101",Bowling Green,KY,42101,Warren,Not available,-86.435654,36.994877
475,"5123 Jade Xing, San Antonio, TX 78222",San Antonio,TX,78222,Bexar,Not available,-98.374381,29.374107
476,"1660 S 333rd St, Trlr 201A, Federal Way, WA 98003",Federal Way,WA,98003,King,Not available,-122.309987,47.303595
477,"185 Atwill St, Brandenburg, KY 40108",Brandenburg,KY,40108,Meade,Not available,-86.174733,38.003263
478,"509 Brookside Dr, Richmond, CA 94801",Richmond,CA,94801,Contra Costa,SAMPSON TAMS RANCH,-122.363876,37.965364
479,"14312 Orange Blossom Trl, Fishers, IN 46038",Fishers,IN,46038,Hamilton,WOODBERRY SECTION 4,-85.987008,39.996741
480,"1 E Bayaud Ave, Apt 9, Denver, CO 80209",Denver,CO,80209,Denver,Not available,-104.987153,39.714901
481,"10718 Fallsbridge Dr, Houston, TX 77065",Houston,TX,77065,Harris,WORTHAM GROVE,-95.617453,29.926038
482,"15210 N Flamingo Dr, Austin, TX 78734",Austin,TX,78734,Travis,CARDINAL HILLS UNIT 2,-97.949565,30.363462
483,"652 Schiller Ave, Akron, OH 44310",Akron,OH,44310,Summit,WISE,-81.514128,41.103031
484,"8114 Warmuth Ct, Antelope, CA 95843",Antelope,CA,95843,Sacramento,ANTELOPE HEIGHTS 02,-121.377695,38.716229
485,"701 E Hackberry St, Salem, IN 47167",Salem,IN,47167,Washington,Not available,-86.094126,38.609643
486,"131 River Oak St, Spring Lake, NC 28390",Spring Lake,NC,28390,Harnett,OLDE FARM VILLAGE,-78.975987,35.258013
487,"724 Cadiz Rd, Venice, FL 34285",Venice,FL,34285,Sarasota,VENICE GULF VIEW SEC OF,-82.458555,27.10253
488,"2717 Pine Knoll Dr, Unit 3, Walnut Creek, CA 94595",Walnut Creek,CA,94595,Contra Costa,Not available,-122.082443,37.876598
489,"5307 Harmon Ave, Austin, TX 78751",Austin,TX,78751,Travis,NORTHVALE SEC 02,-97.710262,30.312584
490,"200 Lake Club Ct, Unit 1, Charlottesville, VA 22902",Charlottesville,VA,22902,Charlottesville,Not available,-78.4767,38.029301
491,"133 Crescent Ave, Trenton, NJ 08619",Trenton,NJ,8619,Mercer,CRESTON,-74.695142,40.232499
492,"8091 Kline Ct, Arvada, CO 80005",Arvada,CO,80005,Jefferson,LAKECREST COTTAGE HOMES OR CORR PL,-105.111085,39.84496
493,"3438 W 120th St, Cleveland, OH 44111",Cleveland,OH,44111,Cuyahoga,CRAWF #1,-81.772112,41.45904
494,"260 Clisby Pl, Macon, GA 31204",Macon,GA,31204,Bibb,PURSLEY,-83.654525,32.841997
495,"1700 W Edmundson Ave, Morgan Hill, CA 95037",Morgan Hill,CA,95037,Santa Clara County,Not available,-121.667767,37.099821
496,"7219 R 193rd Ave E, Bonney Lake, WA 98391",Bonney Lake,WA,98391,Pierce,Not available,-122.172386,47.190449
497,"45 Kingsbridge Ct, Saint Charles, MO 63304",Saint Charles,MO,63304,St. Charles,CAMBRIDGE CROSSING #4,-90.59776600000001,38.730998
498,"125 Herrick Dr SW, Huntsville, AL 35824",Huntsville,AL,35824,Madison,SHADOW CREEK PHASE 3,-86.723704,34.640094
499,"410 N Coronado St, Los Angeles, CA 90026",Los Angeles,CA,90026,Los Angeles,Not available,-118.272472,34.073164
500,"305 Hopewell St, Birdsboro, PA 19508",Birdsboro,PA,19508,Berks,Not available,-75.808831,40.253695
